grid_id,split
0,train
1,train
2,train
3,train
4,train
5,validation
6,validation
7,test
8,train
9,train
10,train
11,test
12,train
13,train
14,train
15,test
16,train
17,train
18,train
19,train
20,train
21,train
22,train
23,train
24,validation
25,train
26,train
27,train
28,test
29,train
30,train
31,validation
32,validation
33,train
34,test
35,train
36,train
37,validation
38,test
39,train
40,train
41,train
42,train
43,train
44,train
45,train
46,train
47,validation
48,train
49,test
50,validation
51,train
52,train
53,train
54,train
55,test
56,train
57,train
58,train
59,train
60,validation
61,validation
62,validation
63,train
64,validation
65,train
66,train
67,validation
68,train
69,train
70,test
71,test
72,train
73,validation
74,train
75,train
76,train
77,test
78,test
79,train
80,train
81,test
82,validation
83,test
84,train
85,validation
86,train
87,train
88,train
89,test
90,train
91,validation
92,test
93,validation
94,train
95,train
96,train
97,train
98,train
99,train
100,train
101,train
102,train
103,train
104,train
105,validation
106,train
107,train
108,train
109,train
110,train
111,train
112,train
113,train
114,train
115,train
116,validation
117,train
118,train
119,validation
120,test
121,validation
122,train
123,train
124,test
125,train
126,train
127,train
128,train
129,validation
130,train
131,train
132,test
133,train
134,train
135,test
136,validation
137,train
138,test
139,test
140,test
141,train
142,test
143,train
144,test
145,train
146,train
147,train
148,train
149,validation
150,train
151,test
152,train
153,train
154,train
155,test
156,validation
157,train
158,train
159,train
160,validation
161,validation
162,train
163,train
164,train
165,train
166,train
167,train
168,train
169,train
170,train
171,train
172,test
173,test
174,test
175,train
176,train
177,train
178,train
179,train
180,train
181,train
182,train
183,test
184,test
185,train
186,train
187,train
188,train
189,train
190,validation
191,train
192,test
193,test
194,train
195,test
196,train
197,validation
198,train
199,test
200,train
201,train
202,test
203,test
204,train
205,train
206,validation
207,train
208,train
209,train
210,validation
211,train
212,train
213,train
214,validation
215,train
216,train
217,test
218,train
219,train
220,train
221,train
222,train
223,train
224,validation
225,train
226,train
227,train
228,validation
229,test
230,validation
231,test
232,train
233,test
234,train
235,train
236,validation
237,validation
238,validation
239,train
240,train
241,train
242,train
243,train
244,train
245,train
246,train
247,train
248,validation
249,train
250,validation
251,validation
252,train
253,validation
254,train
255,train
256,test
257,train
258,train
259,train
260,train
261,train
262,train
263,train
264,validation
265,train
266,test
267,train
268,train
269,test
270,train
271,train
272,train
273,validation
274,validation
275,test
276,train
277,train
278,train
279,train
280,train
281,validation
282,train
283,validation
284,train
285,test
286,train
287,train
288,train
289,train
290,validation
291,train
292,train
293,test
294,train
295,train
296,validation
297,train
298,train
299,train
300,train
301,train
302,train
303,train
304,test
305,train
306,train
307,train
308,train
309,train
310,train
311,test
312,validation
313,validation
314,validation
315,validation
316,train
317,train
318,validation
319,validation
320,test
321,validation
322,train
323,train
324,train
325,train
326,train
327,train
328,validation
329,train
330,train
331,train
332,train
333,train
334,validation
335,test
336,train
337,train
338,test
339,train
340,train
341,train
342,validation
343,train
344,validation
345,train
346,train
347,train
348,train
349,train
350,train
351,train
352,train
353,train
354,test
355,test
356,train
357,validation
358,train
359,train
360,validation
361,train
362,validation
363,train
364,train
365,train
366,train
367,validation
368,validation
369,validation
370,test
371,train
372,test
373,train
374,validation
375,train
376,test
377,train
378,train
379,train
380,validation
381,test
382,train
383,train
384,train
385,train
386,train
387,validation
388,train
389,train
390,train
391,train
392,train
393,train
394,train
395,train
396,train
397,test
398,validation
399,validation
400,train
401,train
402,train
403,test
404,train
405,train
406,train
407,train
408,train
409,train
410,train
411,test
412,train
413,train
414,train
415,train
416,validation
417,test
418,train
419,train
420,test
421,train
422,train
423,train
424,test
425,test
426,train
427,train
428,validation
429,test
430,train
431,train
432,train
433,train
434,validation
435,train
436,validation
437,train
438,train
439,train
440,train
441,validation
442,train
443,test
444,train
445,train
446,test
447,validation
448,train
449,train
450,validation
451,train
452,train
453,train
454,train
455,test
456,test
457,train
458,train
459,train
460,train
461,train
462,train
463,test
464,train
465,train
466,train
467,train
468,train
469,test
470,test
471,train
472,train
473,train
474,validation
475,validation
476,train
477,train
478,test
479,validation
480,train
481,validation
482,train
483,train
484,test
485,train
486,validation
487,test
488,train
489,test
490,train
491,train
492,validation
493,train
494,train
495,train
496,test
497,train
498,train
499,validation
500,validation
501,test
502,train
503,train
504,train
505,train
506,train
507,train
508,train
509,train
510,train
511,validation
512,train
513,train
514,train
515,train
516,train
517,train
518,train
519,train
520,validation
521,train
522,train
523,train
524,train
525,train
526,train
527,train
528,test
529,train
530,train
531,train
532,validation
533,train
534,train
535,validation
536,train
537,train
538,test
539,train
540,test
541,validation
542,train
543,train
544,train
545,test
546,train
547,train
548,train
549,train
550,validation
551,train
552,train
553,train
554,train
555,train
556,train
557,test
558,train
559,validation
560,train
561,train
562,train
563,train
564,train
565,validation
566,train
567,train
568,train
569,train
570,validation
571,train
572,train
573,validation
574,train
575,test
576,validation
577,test
578,train
579,test
580,test
581,train
582,train
583,train
584,validation
585,train
586,test
587,validation
588,train
589,train
590,train
591,validation
592,train
593,train
594,train
595,train
596,train
597,test
598,train
599,train
600,train
601,train
602,test
603,train
604,train
605,train
606,train
607,validation
608,test
609,test
610,train
611,train
612,train
613,train
614,train
615,test
616,train
617,validation
618,train
619,validation
620,test
621,train
622,validation
623,train
624,train
625,validation
626,test
627,test
628,test
629,validation
630,train
631,train
632,test
633,train
634,train
635,train
636,train
637,train
638,train
639,train
640,train
641,test
642,validation
643,train
644,test
645,train
646,validation
647,test
648,train
649,train
650,validation
651,test
652,test
653,train
654,test
655,train
656,train
657,train
658,test
659,train
660,train
661,train
662,test
663,train
664,validation
665,validation
666,train
667,validation
668,train
669,train
670,train
671,validation
672,train
673,train
674,train
675,train
676,train
677,test
678,validation
679,train
680,train
681,train
682,validation
683,train
684,train
685,train
686,train
687,validation
688,train
689,train
690,train
691,validation
692,validation
693,train
694,train
695,train
696,train
697,train
698,validation
699,validation
700,train
701,train
702,train
703,train
704,train
705,validation
706,train
707,train
708,test
709,train
710,train
711,train
712,train
713,train
714,train
715,train
716,test
717,test
718,train
719,test
720,train
721,train
722,train
723,train
724,train
725,test
726,train
727,test
728,train
729,train
730,train
731,train
732,test
733,train
734,train
735,train
736,train
737,train
738,train
739,test
740,train
741,train
742,train
743,train
744,train
745,train
746,validation
747,train
748,validation
749,test
750,train
751,train
752,train
753,validation
754,train
755,validation
756,train
757,train
758,train
759,train
760,train
761,test
762,train
763,test
764,train
765,train
766,train
767,train
768,train
769,train
770,test
771,test
772,train
773,train
774,validation
775,train
776,train
777,train
778,test
779,train
780,train
781,validation
782,train
783,test
784,train
785,train
786,train
787,test
788,train
789,validation
790,train
791,train
792,train
793,test
794,train
795,train
796,test
797,train
798,validation
799,train
800,validation
801,train
802,train
803,train
804,train
805,train
806,train
807,train
808,validation
809,validation
810,train
811,validation
812,test
813,train
814,train
815,train
816,train
817,train
818,train
819,validation
820,validation
821,train
822,train
823,train
824,test
825,train
826,test
827,test
828,train
829,train
830,train
831,train
832,train
833,train
834,train
835,validation
836,train
837,train
838,test
839,validation
840,train
841,train
842,validation
843,test
844,train
845,train
846,train
847,train
848,train
849,validation
850,train
851,train
852,train
853,validation
854,test
855,train
856,train
857,train
858,validation
859,train
860,test
861,train
862,train
863,train
864,train
865,train
866,train
867,train
868,train
869,train
870,train
871,train
872,test
873,train
874,train
875,train
876,test
877,train
878,test
879,train
880,train
881,test
882,train
883,train
884,train
885,train
886,train
887,test
888,train
889,test
890,train
891,train
892,train
893,validation
894,train
895,train
896,train
897,validation
898,validation
899,train
900,validation
901,train
902,train
903,train
904,train
905,train
906,train
907,train
908,train
909,validation
910,train
911,train
912,test
913,train
914,train
915,train
916,validation
917,train
918,test
919,validation
920,validation
921,test
922,train
923,test
924,train
925,test
926,test
927,train
928,train
929,train
930,train
931,train
932,train
933,train
934,train
935,train
936,validation
937,train
938,train
939,test
940,train
941,test
942,train
943,train
944,test
945,train
946,train
947,train
948,train
949,test
950,test
951,train
952,train
953,train
954,test
955,validation
956,train
957,train
958,train
959,train
960,validation
961,train
962,train
963,train
964,train
965,train
966,train
967,train
968,train
969,validation
970,train
971,validation
972,train
973,validation
974,train
975,validation
976,test
977,train
978,train
979,train
980,train
981,test
982,train
983,train
984,train
985,train
986,train
987,validation
988,train
989,train
990,train
991,train
992,validation
993,validation
994,train
995,train
996,train
997,train
998,train
999,train
1000,train
1001,train
1002,train
1003,train
1004,train
1005,train
1006,train
1007,train
1008,validation
1009,train
1010,train
1011,train
1012,train
1013,train
1014,test
1015,train
1016,test
1017,train
1018,train
1019,train
1020,train
1021,train
1022,train
1023,train
1024,validation
1025,train
1026,test
1027,train
1028,test
1029,validation
1030,train
1031,validation
1032,test
1033,train
1034,test
1035,validation
1036,train
1037,train
1038,train
1039,validation
1040,train
1041,validation
1042,train
1043,train
1044,train
1045,validation
1046,train
1047,train
1048,train
1049,train
1050,train
1051,validation
1052,train
1053,train
1054,train
1055,train
1056,train
1057,train
1058,train
1059,train
1060,test
1061,test
1062,train
1063,train
1064,validation
1065,train
1066,validation
1067,train
1068,train
1069,test
1070,train
1071,validation
1072,train
1073,test
1074,validation
1075,train
1076,train
1077,train
1078,train
1079,test
1080,train
1081,train
1082,validation
1083,train
1084,validation
1085,validation
1086,train
1087,train
1088,train
1089,test
1090,test
1091,train
1092,train
1093,test
1094,train
1095,test
1096,validation
1097,train
1098,train
1099,test
1100,train
1101,test
1102,train
1103,test
1104,test
1105,train
1106,validation
1107,train
1108,train
1109,train
1110,train
1111,validation
1112,train
1113,train
1114,validation
1115,test
1116,test
1117,train
1118,train
1119,train
1120,validation
1121,train
1122,test
1123,train
1124,test
1125,train
1126,train
1127,train
1128,test
1129,train
1130,test
1131,test
1132,validation
1133,train
1134,train
1135,validation
1136,validation
1137,test
1138,train
1139,train
1140,train
1141,train
1142,test
1143,test
1144,train
1145,validation
1146,train
1147,train
1148,train
1149,test
1150,train
1151,train
1152,test
1153,train
1154,test
1155,train
1156,validation
1157,train
1158,train
1159,train
1160,test
1161,validation
1162,train
1163,train
1164,test
1165,train
1166,validation
1167,validation
1168,validation
1169,train
1170,validation
1171,validation
1172,validation
1173,test
1174,train
1175,validation
1176,train
1177,train
1178,train
1179,validation
1180,test
1181,train
1182,train
1183,train
1184,train
1185,train
1186,validation
1187,train
1188,train
1189,train
1190,train
1191,train
1192,train
1193,train
1194,train
1195,train
1196,train
1197,train
1198,validation
1199,test
1200,validation
1201,train
1202,train
1203,train
1204,test
1205,train
1206,train
1207,test
1208,train
1209,train
1210,validation
1211,test
1212,train
1213,train
1214,validation
1215,test
1216,train
1217,test
1218,train
1219,validation
1220,train
1221,validation
1222,test
1223,train
1224,test
1225,validation
1226,train
1227,train
1228,train
1229,train
1230,train
1231,train
1232,validation
1233,train
1234,train
1235,train
1236,validation
1237,train
1238,train
1239,train
1240,train
1241,train
1242,train
1243,validation
1244,train
1245,train
1246,train
1247,validation
1248,train
1249,train
1250,train
1251,test
1252,train
1253,train
1254,test
1255,train
1256,test
1257,train
1258,test
1259,train
1260,train
1261,train
1262,train
1263,train
1264,validation
1265,train
1266,train
1267,train
1268,train
1269,train
1270,test
1271,validation
1272,test
1273,validation
1274,train
1275,train
1276,test
1277,train
1278,train
1279,train
1280,train
1281,train
1282,train
1283,train
1284,train
1285,test
1286,train
1287,train
1288,train
1289,train
1290,train
1291,train
1292,train
1293,train
1294,train
1295,validation
1296,train
1297,validation
1298,train
1299,train
1300,train
1301,validation
1302,test
1303,train
1304,train
1305,train
1306,train
1307,test
1308,validation
1309,test
1310,test
1311,train
1312,train
1313,train
1314,test
1315,train
1316,validation
1317,train
1318,train
1319,train
1320,test
1321,train
1322,train
1323,validation
1324,test
1325,train
1326,train
1327,test
1328,train
1329,train
1330,train
1331,train
1332,train
1333,train
1334,train
1335,test
1336,train
1337,train
1338,train
1339,validation
1340,train
1341,train
1342,train
1343,train
1344,train
1345,train
1346,train
1347,train
1348,train
1349,train
1350,train
1351,validation
1352,train
1353,train
1354,test
1355,train
1356,train
1357,test
1358,train
1359,test
1360,train
1361,test
1362,validation
1363,validation
1364,validation
1365,train
1366,train
1367,train
1368,train
1369,train
1370,validation
1371,train
1372,train
1373,validation
1374,train
1375,test
1376,test
1377,test
1378,validation
1379,validation
1380,train
1381,train
1382,train
1383,test
1384,train
1385,train
1386,train
1387,test
1388,validation
1389,test
1390,train
1391,train
1392,validation
1393,train
1394,train
1395,train
1396,train
1397,test
1398,validation
1399,validation
1400,validation
1401,validation
1402,train
1403,test
1404,train
1405,validation
1406,train
1407,train
1408,train
1409,train
1410,validation
1411,train
1412,train
1413,train
1414,train
1415,train
1416,train
1417,test
1418,validation
1419,train
1420,train
1421,train
1422,train
1423,validation
1424,test
1425,train
1426,train
1427,train
1428,train
1429,train
1430,validation
1431,train
1432,train
1433,train
1434,train
1435,train
1436,train
1437,train
1438,validation
1439,train
1440,train
1441,validation
1442,train
1443,train
1444,train
1445,train
1446,train
1447,train
1448,validation
1449,test
1450,train
1451,train
1452,train
1453,train
1454,test
1455,train
1456,test
1457,train
1458,train
1459,train
1460,train
1461,validation
1462,train
1463,test
1464,train
1465,train
1466,train
1467,train
1468,validation
1469,train
1470,validation
1471,test
1472,train
1473,train
1474,train
1475,validation
1476,train
1477,train
1478,test
1479,train
1480,train
1481,train
1482,train
1483,test
1484,train
1485,train
1486,test
1487,train
1488,validation
1489,train
1490,train
1491,train
1492,train
1493,train
1494,validation
1495,train
1496,validation
1497,train
1498,train
1499,train
1500,train
1501,train
1502,train
1503,test
1504,train
1505,validation
1506,train
1507,train
1508,validation
1509,train
1510,train
1511,train
1512,test
1513,test
1514,train
1515,train
1516,test
1517,train
1518,train
1519,test
1520,train
1521,train
1522,train
1523,train
1524,train
1525,train
1526,train
1527,train
1528,validation
1529,validation
1530,validation
1531,train
1532,train
1533,train
1534,validation
1535,train
1536,train
1537,train
1538,test
1539,train
1540,train
1541,train
1542,train
1543,validation
1544,validation
1545,validation
1546,train
1547,test
1548,train
1549,train
1550,validation
1551,train
1552,train
1553,train
1554,validation
1555,train
1556,train
1557,validation
1558,validation
1559,test
1560,train
1561,train
1562,train
1563,train
1564,train
1565,test
1566,test
1567,validation
1568,train
1569,train
1570,train
1571,test
1572,train
1573,train
1574,validation
1575,validation
1576,train
1577,train
1578,test
1579,train
1580,train
1581,train
1582,train
1583,train
1584,validation
1585,train
1586,train
1587,train
1588,train
1589,train
1590,validation
1591,train
1592,train
1593,test
1594,validation
1595,train
1596,train
1597,validation
1598,train
1599,train
1600,train
1601,train
1602,validation
1603,train
1604,train
1605,validation
1606,test
1607,train
1608,train
1609,train
1610,train
1611,train
1612,test
1613,test
1614,train
1615,train
1616,train
1617,train
1618,train
1619,test
1620,train
1621,train
1622,test
1623,train
1624,test
1625,train
1626,validation
1627,train
1628,train
1629,test
1630,validation
1631,train
1632,train
1633,train
1634,train
1635,train
1636,train
1637,train
1638,train
1639,train
1640,train
1641,train
1642,validation
1643,test
1644,test
1645,train
1646,train
1647,train
1648,test
1649,validation
1650,train
1651,train
1652,train
1653,train
1654,validation
1655,train
1656,test
1657,train
1658,train
1659,train
1660,validation
1661,train
1662,validation
1663,train
1664,train
1665,train
1666,validation
1667,train
1668,validation
1669,train
1670,validation
1671,train
1672,train
1673,train
1674,train
1675,train
1676,train
1677,test
1678,test
1679,validation
1680,train
1681,train
1682,train
1683,train
1684,test
1685,validation
1686,train
1687,validation
1688,validation
1689,train
1690,train
1691,test
1692,train
1693,validation
1694,train
1695,test
1696,test
1697,train
1698,train
1699,train
1700,validation
1701,validation
1702,train
1703,train
1704,train
1705,train
1706,train
1707,train
1708,train
1709,test
1710,train
1711,validation
1712,train
1713,validation
1714,train
1715,train
1716,train
1717,train
1718,train
1719,train
1720,test
1721,validation
1722,test
1723,train
1724,train
1725,train
1726,train
1727,validation
1728,train
1729,train
1730,train
1731,validation
1732,train
1733,validation
1734,train
1735,train
1736,train
1737,train
1738,test
1739,validation
1740,train
1741,train
1742,train
1743,train
1744,train
1745,train
1746,train
1747,train
1748,train
1749,validation
1750,train
1751,train
1752,train
1753,train
1754,train
1755,validation
1756,train
1757,train
1758,validation
1759,train
1760,train
1761,train
1762,validation
1763,train
1764,train
1765,test
1766,train
1767,validation
1768,train
1769,test
1770,validation
1771,test
1772,train
1773,train
1774,test
1775,train
1776,train
1777,train
1778,test
1779,train
1780,test
1781,train
1782,train
1783,test
1784,train
1785,validation
1786,train
1787,test
1788,train
1789,validation
1790,train
1791,train
1792,validation
1793,train
1794,train
1795,train
1796,test
1797,train
1798,train
1799,train
1800,train
1801,train
1802,validation
1803,train
1804,train
1805,train
1806,test
1807,train
1808,train
1809,train
1810,validation
1811,train
1812,train
1813,validation
1814,train
1815,validation
1816,train
1817,train
1818,train
1819,train
1820,train
1821,train
1822,train
1823,train
1824,train
1825,test
1826,train
1827,train
1828,train
1829,train
1830,train
1831,validation
1832,train
1833,train
1834,train
1835,validation
1836,train
1837,validation
1838,test
1839,train
1840,train
1841,train
1842,test
1843,test
1844,test
1845,validation
1846,validation
1847,validation
1848,train
1849,train
1850,train
1851,test
1852,train
1853,validation
1854,test
1855,train
1856,train
1857,test
1858,train
1859,train
1860,validation
1861,train
1862,train
1863,validation
1864,train
1865,train
1866,train
1867,train
1868,validation
1869,train
1870,validation
1871,train
1872,validation
1873,train
1874,validation
1875,test
1876,train
1877,validation
1878,train
1879,test
1880,test
1881,test
1882,validation
1883,train
1884,validation
1885,train
1886,train
1887,test
1888,train
1889,validation
1890,validation
1891,validation
1892,train
1893,train
1894,train
1895,train
1896,train
1897,train
1898,validation
1899,train
1900,train
1901,train
1902,train
1903,validation
1904,validation
1905,train
1906,train
1907,validation
1908,train
1909,train
1910,train
1911,train
1912,test
1913,train
1914,test
1915,test
1916,test
1917,train
1918,train
1919,train
1920,train
1921,test
1922,validation
1923,train
1924,train
1925,train
1926,train
1927,train
1928,test
1929,train
1930,train
1931,train
1932,train
1933,train
1934,train
1935,test
1936,train
1937,test
1938,train
1939,train
1940,train
1941,train
1942,train
1943,validation
1944,test
1945,train
1946,train
1947,validation
1948,train
1949,train
1950,train
1951,validation
1952,train
1953,train
1954,test
1955,train
1956,test
1957,train
1958,test
1959,validation
1960,train
1961,train
1962,train
1963,train
1964,test
1965,train
1966,train
1967,train
1968,test
1969,validation
1970,train
1971,train
1972,train
1973,train
1974,validation
1975,train
1976,train
1977,train
1978,train
1979,test
1980,validation
1981,validation
1982,test
1983,train
1984,train
1985,train
1986,train
1987,train
1988,train
1989,train
1990,train
1991,test
1992,train
1993,train
1994,train
1995,validation
1996,test
1997,train
1998,train
1999,train
2000,train
2001,train
2002,test
2003,train
2004,test
2005,test
2006,test
2007,train
2008,train
2009,validation
2010,test
2011,train
2012,train
2013,train
2014,test
2015,test
2016,train
2017,test
2018,train
2019,train
2020,train
2021,train
2022,train
2023,train
2024,train
2025,train
2026,train
2027,test
2028,train
2029,train
2030,train
2031,train
2032,train
2033,train
2034,train
2035,train
2036,test
2037,train
2038,train
2039,train
2040,test
2041,validation
2042,train
2043,train
2044,train
2045,train
2046,validation
2047,train
2048,validation
2049,train
2050,test
2051,train
2052,test
2053,test
2054,train
2055,train
2056,train
2057,train
2058,train
2059,train
2060,train
2061,train
2062,train
2063,train
2064,train
2065,validation
2066,validation
2067,train
2068,train
2069,train
2070,train
2071,train
2072,train
2073,train
2074,train
2075,train
2076,train
2077,validation
2078,test
2079,test
2080,train
2081,train
2082,train
2083,train
2084,train
2085,train
2086,test
2087,train
2088,train
2089,train
2090,train
2091,test
2092,test
2093,train
2094,train
2095,test
2096,train
2097,test
2098,train
2099,train
2100,train
2101,train
2102,train
2103,train
2104,test
2105,test
2106,train
2107,train
2108,train
2109,validation
2110,test
2111,validation
2112,train
2113,train
2114,train
2115,test
2116,train
2117,validation
2118,train
2119,train
2120,train
2121,train
2122,train
2123,train
2124,train
2125,train
2126,validation
2127,validation
2128,test
2129,train
2130,validation
2131,train
2132,validation
2133,train
2134,train
2135,test
2136,train
2137,train
2138,train
2139,train
2140,train
2141,train
2142,train
2143,validation
2144,train
2145,train
2146,train
2147,train
2148,train
2149,validation
2150,train
2151,train
2152,train
2153,train
2154,validation
2155,train
2156,validation
2157,validation
2158,train
2159,train
2160,test
2161,train
2162,test
2163,test
2164,train
2165,train
2166,train
2167,validation
2168,train
2169,validation
2170,test
2171,test
2172,train
2173,train
2174,test
2175,train
2176,train
2177,train
2178,validation
2179,train
2180,train
2181,train
2182,test
2183,train
2184,test
2185,train
2186,train
2187,validation
2188,test
2189,train
2190,train
2191,train
2192,test
2193,train
2194,train
2195,train
2196,train
2197,train
2198,train
2199,validation
2200,train
2201,test
2202,train
2203,train
2204,test
2205,train
2206,train
2207,train
2208,train
2209,validation
2210,train
2211,train
2212,train
2213,train
2214,train
2215,train
2216,test
2217,train
2218,test
2219,train
2220,train
2221,test
2222,train
2223,train
2224,validation
2225,train
2226,train
2227,train
2228,test
2229,validation
2230,train
2231,test
2232,validation
2233,train
2234,test
2235,test
2236,train
2237,validation
2238,train
2239,test
2240,train
2241,train
2242,test
2243,train
2244,train
2245,train
2246,test
2247,train
2248,train
2249,train
2250,train
2251,test
2252,train
2253,validation
2254,train
2255,train
2256,validation
2257,train
2258,train
2259,train
2260,test
2261,train
2262,train
2263,test
2264,train
2265,train
2266,test
2267,train
2268,train
2269,train
2270,train
2271,train
2272,train
2273,train
2274,train
2275,train
2276,train
2277,train
2278,train
2279,test
2280,train
2281,test
2282,train
2283,train
2284,test
2285,train
2286,train
2287,validation
2288,train
2289,test
2290,train
2291,train
2292,test
2293,train
2294,train
2295,train
2296,train
2297,train
2298,train
2299,train
2300,train
2301,train
2302,train
2303,train
2304,train
2305,train
2306,train
2307,test
2308,train
2309,train
2310,train
2311,train
2312,train
2313,train
2314,train
2315,train
2316,train
2317,validation
2318,test
2319,train
2320,validation
2321,train
2322,test
2323,validation
2324,train
2325,train
2326,validation
2327,test
2328,validation
2329,validation
2330,train
2331,train
2332,train
2333,test
2334,train
2335,validation
2336,validation
2337,train
2338,train
2339,train
2340,train
2341,train
2342,validation
2343,test
2344,train
2345,train
2346,test
2347,train
2348,test
2349,train
2350,train
2351,validation
2352,test
2353,train
2354,train
2355,validation
2356,train
2357,train
2358,train
2359,validation
2360,train
2361,validation
2362,train
2363,validation
2364,train
2365,train
2366,test
2367,train
2368,train
2369,train
2370,train
2371,train
2372,train
2373,validation
2374,train
2375,train
2376,train
2377,train
2378,validation
2379,validation
2380,validation
2381,train
2382,train
2383,train
2384,train
2385,train
2386,test
2387,train
2388,train
2389,train
2390,test
2391,validation
2392,train
2393,train
2394,train
2395,train
2396,train
2397,train
2398,validation
2399,validation
2400,train
2401,train
2402,train
2403,train
2404,train
2405,train
2406,train
2407,test
2408,train
2409,train
2410,train
2411,validation
2412,train
2413,test
2414,train
2415,validation
2416,train
2417,train
2418,train
2419,train
2420,test
2421,test
2422,train
2423,train
2424,train
2425,train
2426,validation
2427,test
2428,validation
2429,train
2430,train
2431,train
2432,train
2433,test
2434,validation
2435,validation
2436,test
2437,train
2438,test
2439,train
2440,train
2441,train
2442,train
2443,train
2444,validation
2445,train
2446,validation
2447,train
2448,train
2449,test
2450,train
2451,validation
2452,train
2453,train
2454,test
2455,train
2456,train
2457,train
2458,train
2459,validation
2460,test
2461,train
2462,train
2463,train
2464,train
2465,test
2466,train
2467,train
2468,validation
2469,test
2470,train
2471,validation
2472,train
2473,train
2474,validation
2475,train
2476,train
2477,test
2478,validation
2479,train
2480,train
2481,train
2482,test
2483,test
2484,train
2485,test
2486,validation
2487,train
2488,train
2489,train
2490,train
2491,train
2492,train
2493,train
2494,validation
2495,train
2496,train
2497,train
2498,train
2499,train
2500,train
2501,validation
2502,train
2503,validation
2504,train
2505,train
2506,train
2507,train
2508,test
2509,train
2510,train
2511,train
2512,train
2513,train
2514,test
2515,test
2516,test
2517,train
2518,test
2519,train
2520,test
2521,train
2522,validation
2523,test
2524,train
2525,train
2526,train
2527,validation
2528,train
2529,train
2530,train
2531,train
2532,train
2533,train
2534,validation
2535,train
2536,train
2537,train
2538,test
2539,train
2540,test
2541,train
2542,train
2543,train
2544,test
2545,train
2546,test
2547,train
2548,train
2549,train
2550,train
2551,validation
2552,train
2553,train
2554,train
2555,train
2556,train
2557,train
2558,train
2559,train
2560,train
2561,train
2562,train
2563,train
2564,train
2565,test
2566,train
2567,test
2568,train
2569,train
2570,train
2571,test
2572,validation
2573,train
2574,train
2575,train
2576,validation
2577,test
2578,validation
2579,train
2580,train
2581,train
2582,test
2583,test
2584,train
2585,train
2586,train
2587,test
2588,train
2589,validation
2590,train
2591,test
2592,train
2593,train
2594,train
2595,train
2596,validation
2597,test
2598,validation
2599,train
2600,train
2601,train
2602,test
2603,validation
2604,test
2605,test
2606,train
2607,train
2608,train
2609,train
2610,train
2611,validation
2612,train
2613,test
2614,train
2615,test
2616,train
2617,train
2618,train
2619,train
2620,train
2621,train
2622,validation
2623,validation
2624,train
2625,train
2626,test
2627,train
2628,train
2629,train
2630,train
2631,test
2632,train
2633,train
2634,train
2635,train
2636,train
2637,test
2638,validation
2639,train
2640,train
2641,train
2642,train
2643,train
2644,test
2645,train
2646,train
2647,train
2648,validation
2649,train
2650,train
2651,train
2652,validation
2653,train
2654,train
2655,train
2656,train
2657,train
2658,train
2659,train
2660,test
2661,train
2662,train
2663,train
2664,train
2665,train
2666,train
2667,train
2668,validation
2669,train
2670,train
2671,test
2672,validation
2673,test
2674,test
2675,train
2676,validation
2677,train
2678,train
2679,train
2680,train
2681,test
2682,validation
2683,train
2684,train
2685,train
2686,train
2687,validation
2688,train
2689,validation
2690,train
2691,train
2692,validation
2693,validation
2694,validation
2695,train
2696,train
2697,train
2698,test
2699,train
2700,validation
2701,train
2702,test
2703,train
2704,validation
2705,train
2706,train
2707,validation
2708,train
2709,train
2710,test
2711,validation
2712,train
2713,train
2714,test
2715,train
2716,train
2717,train
2718,train
2719,train
2720,train
2721,train
2722,train
2723,train
2724,validation
2725,train
2726,train
2727,train
2728,validation
2729,train
2730,train
2731,train
2732,train
2733,train
2734,train
2735,validation
2736,validation
2737,train
2738,train
2739,train
2740,train
2741,test
2742,validation
2743,train
2744,train
2745,train
2746,validation
2747,train
2748,train
2749,train
2750,validation
2751,train
2752,validation
2753,test
2754,train
2755,validation
2756,train
2757,train
2758,train
2759,validation
2760,train
2761,train
2762,test
2763,validation
2764,train
2765,train
2766,train
2767,train
2768,train
2769,test
2770,train
2771,train
2772,validation
2773,train
2774,train
2775,train
2776,train
2777,test
2778,train
2779,test
2780,train
2781,test
2782,train
2783,train
2784,test
2785,train
2786,train
2787,train
2788,train
2789,train
2790,train
2791,train
2792,validation
2793,train
2794,validation
2795,train
2796,train
2797,train
2798,validation
2799,validation
2800,train
2801,test
2802,train
2803,train
2804,validation
2805,train
2806,validation
2807,train
2808,train
2809,train
2810,train
2811,validation
2812,train
2813,validation
2814,train
2815,train
2816,train
2817,validation
2818,train
2819,train
2820,train
2821,train
2822,test
2823,train
2824,test
2825,train
2826,train
2827,validation
2828,test
2829,validation
2830,train
2831,train
2832,test
2833,test
2834,train
2835,train
2836,test
2837,validation
2838,train
2839,train
2840,train
2841,train
2842,train
2843,validation
2844,train
2845,train
2846,validation
2847,test
2848,train
2849,test
2850,train
2851,train
2852,test
2853,test
2854,test
2855,test
2856,test
2857,train
2858,validation
2859,train
2860,validation
2861,validation
2862,train
2863,train
2864,validation
2865,validation
2866,train
2867,validation
2868,train
2869,train
2870,train
2871,test
2872,validation
2873,train
2874,train
2875,test
2876,train
2877,validation
2878,train
2879,train
2880,train
2881,validation
2882,test
2883,train
2884,train
2885,train
2886,train
2887,test
2888,train
2889,train
2890,test
2891,validation
2892,train
2893,train
2894,train
2895,train
2896,test
2897,train
2898,train
2899,validation
2900,train
2901,train
2902,test
2903,train
2904,train
2905,test
2906,train
2907,test
2908,train
2909,train
2910,train
2911,train
2912,test
2913,train
2914,train
2915,train
2916,train
2917,validation
2918,train
2919,train
2920,train
2921,train
2922,validation
2923,validation
2924,test
2925,test
2926,validation
2927,validation
2928,train
2929,train
2930,train
2931,validation
2932,train
2933,validation
2934,train
2935,train
2936,train
2937,test
2938,test
2939,train
2940,train
2941,train
2942,train
2943,train
2944,train
2945,train
2946,train
2947,train
2948,test
2949,train
2950,test
2951,validation
2952,train
2953,validation
2954,train
2955,train
2956,train
2957,train
2958,validation
2959,test
2960,train
2961,train
2962,train
2963,test
2964,train
2965,train
2966,test
2967,validation
2968,train
2969,train
2970,train
2971,validation
2972,train
2973,train
2974,train
2975,validation
2976,validation
2977,test
2978,train
2979,test
2980,train
2981,train
2982,train
2983,train
2984,train
2985,test
2986,train
2987,validation
2988,test
2989,train
2990,test
2991,train
2992,train
2993,test
2994,train
2995,test
2996,train
2997,train
2998,validation
2999,train
3000,test
3001,train
3002,train
3003,train
3004,train
3005,train
3006,test
3007,validation
3008,train
3009,train
3010,test
3011,train
3012,train
3013,train
3014,train
3015,train
3016,validation
3017,train
3018,train
3019,validation
3020,train
3021,test
3022,train
3023,train
3024,train
3025,train
3026,train
3027,train
3028,validation
3029,train
3030,train
3031,validation
3032,train
3033,validation
3034,validation
3035,train
3036,train
3037,train
3038,test
3039,test
3040,validation
3041,test
3042,train
3043,train
3044,train
3045,train
3046,validation
3047,train
3048,train
3049,train
3050,train
3051,test
3052,train
3053,train
3054,train
3055,train
3056,test
3057,test
3058,train
3059,validation
3060,test
3061,validation
3062,validation
3063,train
3064,train
3065,train
3066,train
3067,train
3068,test
3069,validation
3070,train
3071,train
3072,train
3073,train
3074,train
3075,train
3076,train
3077,train
3078,test
3079,train
3080,train
3081,train
3082,train
3083,train
3084,test
3085,test
3086,train
3087,test
3088,validation
3089,train
3090,test
3091,train
3092,train
3093,train
3094,train
3095,train
3096,train
3097,train
3098,train
3099,train
3100,validation
3101,validation
3102,train
3103,train
3104,train
3105,validation
3106,train
3107,train
3108,test
3109,train
3110,train
3111,validation
3112,train
3113,train
3114,train
3115,train
3116,train
3117,validation
3118,train
3119,train
3120,validation
3121,train
3122,validation
3123,validation
3124,train
3125,train
3126,train
3127,validation
3128,train
3129,train
3130,train
3131,train
3132,test
3133,train
3134,validation
3135,train
3136,train
3137,validation
3138,train
3139,train
3140,validation
3141,train
3142,validation
3143,train
3144,train
3145,train
3146,train
3147,test
3148,test
3149,train
3150,train
3151,validation
3152,train
3153,test
3154,train
3155,train
3156,validation
3157,train
3158,test
3159,train
3160,test
3161,train
3162,train
3163,train
3164,train
3165,train
3166,train
3167,train
3168,train
3169,train
3170,validation
3171,train
3172,train
3173,validation
3174,train
3175,train
3176,train
3177,train
3178,validation
3179,train
3180,train
3181,train
3182,train
3183,train
3184,train
3185,validation
3186,train
3187,train
3188,train
3189,train
3190,train
3191,train
3192,test
3193,train
3194,train
3195,validation
3196,test
3197,train
3198,train
3199,train
3200,train
3201,train
3202,train
3203,test
3204,train
3205,train
3206,train
3207,test
3208,test
3209,validation
3210,train
3211,test
3212,validation
3213,train
3214,test
3215,train
3216,test
3217,train
3218,train
3219,train
3220,train
3221,validation
3222,train
3223,train
3224,test
3225,test
3226,train
3227,validation
3228,train
3229,test
3230,train
3231,train
3232,train
3233,train
3234,train
3235,validation
3236,train
3237,train
3238,train
3239,train
3240,train
3241,train
3242,train
3243,train
3244,test
3245,train
3246,train
3247,train
3248,train
3249,validation
3250,validation
3251,train
3252,train
3253,train
3254,train
3255,validation
3256,train
3257,train
3258,train
3259,train
3260,train
3261,train
3262,train
3263,train
3264,train
3265,train
3266,validation
3267,train
3268,test
3269,train
3270,train
3271,train
3272,train
3273,train
3274,test
3275,validation
3276,validation
3277,train
3278,train
3279,train
3280,train
3281,train
3282,train
3283,train
3284,train
3285,train
3286,train
3287,train
3288,test
3289,validation
3290,train
3291,train
3292,train
3293,validation
3294,validation
3295,train
3296,train
3297,train
3298,train
3299,train
3300,train
3301,train
3302,train
3303,train
3304,train
3305,train
3306,train
3307,train
3308,train
3309,train
3310,train
3311,validation
3312,train
3313,train
3314,test
3315,train
3316,validation
3317,train
3318,validation
3319,train
3320,test
3321,test
3322,test
3323,train
3324,train
3325,train
3326,validation
3327,train
3328,validation
3329,train
3330,train
3331,train
3332,train
3333,validation
3334,train
3335,train
3336,train
3337,train
3338,train
3339,validation
3340,train
3341,train
3342,validation
3343,train
3344,train
3345,train
3346,train
3347,train
3348,train
3349,train
3350,train
3351,test
3352,train
3353,train
3354,train
3355,train
3356,train
3357,train
3358,validation
3359,test
3360,train
3361,train
3362,train
3363,train
3364,train
3365,train
3366,train
3367,train
3368,test
3369,train
3370,validation
3371,train
3372,test
3373,train
3374,train
3375,train
3376,train
3377,train
3378,train
3379,train
3380,train
3381,test
3382,train
3383,validation
3384,train
3385,test
3386,train
3387,train
3388,test
3389,train
3390,train
3391,validation
3392,train
3393,train
3394,validation
3395,validation
3396,train
3397,train
3398,train
3399,train
3400,train
3401,test
3402,validation
3403,train
3404,train
3405,validation
3406,validation
3407,train
3408,test
3409,train
3410,train
3411,train
3412,train
3413,train
3414,test
3415,validation
3416,train
3417,train
3418,validation
3419,train
3420,train
3421,validation
3422,train
3423,train
3424,test
3425,train
3426,test
3427,train
3428,validation
3429,test
3430,validation
3431,train
3432,train
3433,test
3434,validation
3435,train
3436,train
3437,train
3438,train
3439,train
3440,test
3441,train
3442,train
3443,train
3444,train
3445,validation
3446,test
3447,train
3448,train
3449,train
3450,train
3451,train
3452,validation
3453,test
3454,test
3455,train
3456,test
3457,train
3458,train
3459,validation
3460,validation
3461,train
3462,train
3463,train
3464,train
3465,train
3466,test
3467,validation
3468,train
3469,test
3470,test
3471,test
3472,train
3473,train
3474,train
3475,train
3476,train
3477,validation
3478,train
3479,validation
3480,train
3481,train
3482,validation
3483,train
3484,train
3485,train
3486,train
3487,test
3488,train
3489,test
3490,validation
3491,validation
3492,train
3493,train
3494,test
3495,train
3496,train
3497,train
3498,train
3499,train
3500,test
3501,train
3502,validation
3503,train
3504,train
3505,train
3506,train
3507,test
3508,train
3509,train
3510,train
3511,train
3512,train
3513,test
3514,train
3515,test
3516,train
3517,train
3518,test
3519,test
3520,validation
3521,train
3522,train
3523,train
3524,test
3525,train
3526,train
3527,validation
3528,validation
3529,train
3530,train
3531,train
3532,validation
3533,test
3534,train
3535,train
3536,train
3537,train
3538,train
3539,train
3540,test
3541,test
3542,train
3543,train
3544,train
3545,test
3546,train
3547,train
3548,test
3549,train
3550,train
3551,validation
3552,validation
3553,train
3554,test
3555,train
3556,train
3557,train
3558,train
3559,train
3560,validation
3561,test
3562,train
3563,test
3564,train
3565,train
3566,train
3567,validation
3568,train
3569,train
3570,test
3571,train
3572,train
3573,train
3574,train
3575,test
3576,validation
3577,train
3578,train
3579,train
3580,train
3581,train
3582,validation
3583,train
3584,validation
3585,train
3586,train
3587,train
3588,train
3589,test
3590,train
3591,validation
3592,train
3593,train
3594,train
3595,train
3596,test
3597,validation
3598,validation
3599,train
3600,train
3601,train
3602,validation
3603,train
3604,test
3605,validation
3606,train
3607,train
3608,train
3609,train
3610,train
3611,train
3612,test
3613,validation
3614,train
3615,train
3616,train
3617,test
3618,train
3619,train
3620,train
3621,validation
3622,validation
3623,train
3624,train
3625,train
3626,train
3627,train
3628,validation
3629,train
3630,train
3631,validation
3632,train
3633,train
3634,train
3635,train
3636,train
3637,train
3638,train
3639,train
3640,train
3641,validation
3642,train
3643,test
3644,validation
3645,train
3646,validation
3647,train
3648,train
3649,test
3650,test
3651,train
3652,train
3653,train
3654,validation
3655,train
3656,train
3657,train
3658,train
3659,validation
3660,test
3661,train
3662,train
3663,train
3664,train
3665,validation
3666,test
3667,train
3668,train
3669,test
3670,train
3671,train
3672,train
3673,train
3674,train
3675,train
3676,train
3677,train
3678,train
3679,validation
3680,train
3681,train
3682,train
3683,train
3684,train
3685,test
3686,train
3687,train
3688,validation
3689,train
3690,train
3691,train
3692,validation
3693,train
3694,test
3695,train
3696,train
3697,train
3698,train
3699,train
3700,train
3701,validation
3702,train
3703,validation
3704,train
3705,train
3706,train
3707,validation
3708,train
3709,train
3710,train
3711,train
3712,train
3713,train
3714,train
3715,train
3716,train
3717,validation
3718,train
3719,test
3720,train
3721,test
3722,validation
3723,train
3724,train
3725,train
3726,train
3727,test
3728,validation
3729,validation
3730,train
3731,train
3732,train
3733,train
3734,train
3735,train
3736,test
3737,train
3738,test
3739,train
3740,train
3741,train
3742,train
3743,test
3744,train
3745,validation
3746,train
3747,train
3748,train
3749,train
3750,test
3751,train
3752,validation
3753,test
3754,train
3755,train
3756,validation
3757,test
3758,validation
3759,test
3760,train
3761,validation
3762,train
3763,train
3764,validation
3765,train
3766,train
3767,test
3768,test
3769,validation
3770,train
3771,train
3772,train
3773,train
3774,train
3775,validation
3776,test
3777,train
3778,test
3779,train
3780,train
3781,validation
3782,train
3783,train
3784,validation
3785,validation
3786,train
3787,train
3788,validation
3789,train
3790,train
3791,train
3792,train
3793,validation
3794,train
3795,validation
3796,train
3797,test
3798,train
3799,validation
3800,train
3801,validation
3802,train
3803,train
3804,train
3805,validation
3806,train
3807,validation
3808,train
3809,train
3810,test
3811,test
3812,train
3813,train
3814,train
3815,validation
3816,train
3817,train
3818,train
3819,test
3820,test
3821,train
3822,train
3823,train
3824,train
3825,validation
3826,train
3827,train
3828,validation
3829,train
3830,validation
3831,test
3832,validation
3833,validation
3834,validation
3835,train
3836,validation
3837,train
3838,validation
3839,train
3840,test
3841,validation
3842,validation
3843,validation
3844,test
3845,train
3846,train
3847,train
3848,test
3849,train
3850,validation
3851,train
3852,train
3853,train
3854,train
3855,test
3856,train
3857,train
3858,test
3859,validation
3860,train
3861,train
3862,train
3863,test
3864,validation
3865,train
3866,train
3867,train
3868,train
3869,train
3870,train
3871,train
3872,train
3873,train
3874,train
3875,train
3876,validation
3877,train
3878,test
3879,train
3880,validation
3881,train
3882,train
3883,train
3884,test
3885,train
3886,train
3887,train
3888,validation
3889,train
3890,train
3891,test
3892,train
3893,train
3894,train
3895,validation
3896,validation
3897,train
3898,train
3899,validation
3900,train
3901,train
3902,train
3903,train
3904,train
3905,train
3906,train
3907,train
3908,test
3909,train
3910,validation
3911,train
3912,train
3913,train
3914,train
3915,train
3916,test
3917,train
3918,train
3919,train
3920,train
3921,train
3922,train
3923,test
3924,validation
3925,train
3926,train
3927,train
3928,train
3929,train
3930,train
3931,validation
3932,train
3933,train
3934,train
3935,train
3936,train
3937,train
3938,train
3939,train
3940,train
3941,train
3942,validation
3943,test
3944,train
3945,test
3946,train
3947,train
3948,test
3949,train
3950,validation
3951,train
3952,train
3953,test
3954,train
3955,train
3956,train
3957,validation
3958,train
3959,train
3960,train
3961,train
3962,test
3963,train
3964,train
3965,train
3966,train
3967,train
3968,train
3969,train
3970,test
3971,train
3972,train
3973,validation
3974,train
3975,validation
3976,train
3977,train
3978,train
3979,train
3980,validation
3981,test
3982,train
3983,test
3984,validation
3985,train
3986,train
3987,train
3988,train
3989,train
3990,train
3991,train
3992,train
3993,train
3994,train
3995,train
3996,train
3997,train
3998,train
3999,test
4000,train
4001,train
4002,train
4003,train
4004,validation
4005,train
4006,train
4007,train
4008,train
4009,train
4010,train
4011,train
4012,test
4013,train
4014,train
4015,train
4016,train
4017,validation
4018,validation
4019,train
4020,train
4021,test
4022,validation
4023,train
4024,test
4025,train
4026,train
4027,train
4028,train
4029,train
4030,train
4031,train
4032,train
4033,train
4034,validation
4035,train
4036,test
4037,train
4038,train
4039,train
4040,train
4041,test
4042,validation
4043,validation
4044,train
4045,train
4046,train
4047,train
4048,test
4049,test
4050,train
4051,train
4052,train
4053,validation
4054,train
4055,train
4056,train
4057,train
4058,validation
4059,train
4060,train
4061,train
4062,train
4063,train
4064,validation
4065,train
4066,train
4067,train
4068,validation
4069,train
4070,train
4071,validation
4072,train
4073,train
4074,train
4075,validation
4076,train
4077,train
4078,train
4079,train
4080,validation
4081,validation
4082,train
4083,test
4084,train
4085,validation
4086,validation
4087,train
4088,test
4089,train
4090,train
4091,validation
4092,test
4093,train
4094,train
4095,test
4096,train
4097,train
4098,train
4099,train
4100,train
4101,train
4102,train
4103,train
4104,validation
4105,train
4106,train
4107,train
4108,train
4109,test
4110,train
4111,validation
4112,train
4113,train
4114,train
4115,train
4116,train
4117,train
4118,train
4119,train
4120,test
4121,train
4122,validation
4123,train
4124,train
4125,train
4126,test
4127,train
4128,test
4129,train
4130,train
4131,train
4132,train
4133,train
4134,train
4135,train
4136,test
4137,test
4138,train
4139,train
4140,train
4141,test
4142,validation
4143,validation
4144,train
4145,train
4146,train
4147,test
4148,train
4149,validation
4150,test
4151,train
4152,train
4153,train
4154,train
4155,validation
4156,test
4157,train
4158,train
4159,validation
4160,train
4161,train
4162,test
4163,train
4164,train
4165,train
4166,train
4167,test
4168,test
4169,validation
4170,train
4171,train
4172,train
4173,train
4174,train
4175,test
4176,train
4177,validation
4178,train
4179,validation
4180,validation
4181,test
4182,test
4183,validation
4184,train
4185,train
4186,train
4187,train
4188,train
4189,test
4190,train
4191,validation
4192,validation
4193,train
4194,validation
4195,train
4196,train
4197,train
4198,train
4199,train
4200,train
4201,validation
4202,train
4203,train
4204,validation
4205,train
4206,train
4207,test
4208,train
4209,train
4210,train
4211,test
4212,train
4213,train
4214,test
4215,train
4216,validation
4217,train
4218,train
4219,train
4220,train
4221,validation
4222,train
4223,validation
4224,train
4225,train
4226,train
4227,test
4228,train
4229,train
4230,validation
4231,validation
4232,train
4233,train
4234,train
4235,train
4236,validation
4237,train
4238,train
4239,train
4240,validation
4241,train
4242,validation
4243,train
4244,train
4245,train
4246,train
4247,train
4248,train
4249,train
4250,train
4251,validation
4252,train
4253,train
4254,train
4255,test
4256,test
4257,train
4258,train
4259,train
4260,train
4261,train
4262,train
4263,train
4264,test
4265,validation
4266,train
4267,train
4268,train
4269,test
4270,train
4271,train
4272,train
4273,train
4274,validation
4275,test
4276,train
4277,validation
4278,train
4279,train
4280,train
4281,train
4282,train
4283,train
4284,train
4285,test
4286,train
4287,train
4288,train
4289,train
4290,validation
4291,train
4292,train
4293,test
4294,train
4295,train
4296,train
4297,train
4298,train
4299,train
4300,train
4301,test
4302,train
4303,train
4304,train
4305,train
4306,train
4307,test
4308,train
4309,train
4310,test
4311,validation
4312,validation
4313,train
4314,train
4315,train
4316,train
4317,train
4318,test
4319,validation
4320,train
4321,train
4322,train
4323,train
4324,train
4325,train
4326,train
4327,train
4328,train
4329,train
4330,train
4331,train
4332,train
4333,train
4334,train
4335,test
4336,validation
4337,train
4338,train
4339,train
4340,train
4341,train
4342,test
4343,test
4344,train
4345,validation
4346,train
4347,train
4348,validation
4349,train
4350,train
4351,train
4352,train
4353,test
4354,train
4355,train
4356,train
4357,train
4358,train
4359,train
4360,train
4361,train
4362,train
4363,train
4364,validation
4365,train
4366,validation
4367,train
4368,train
4369,validation
4370,train
4371,train
4372,test
4373,train
4374,train
4375,train
4376,train
4377,train
4378,test
4379,train
4380,train
4381,train
4382,train
4383,train
4384,train
4385,train
4386,train
4387,train
4388,test
4389,train
4390,train
4391,train
4392,train
4393,train
4394,train
4395,train
4396,train
4397,train
4398,train
4399,validation
4400,validation
4401,validation
4402,train
4403,test
4404,train
4405,train
4406,test
4407,test
4408,validation
4409,test
4410,train
4411,train
4412,train
4413,train
4414,train
4415,validation
4416,train
4417,train
4418,validation
4419,train
4420,test
4421,train
4422,train
4423,train
4424,train
4425,test
4426,train
4427,train
4428,train
4429,train
4430,train
4431,validation
4432,validation
4433,test
4434,train
4435,train
4436,train
4437,train
4438,train
4439,train
4440,validation
4441,train
4442,train
4443,test
4444,train
4445,train
4446,train
4447,train
4448,train
4449,test
4450,train
4451,train
4452,train
4453,train
4454,train
4455,train
4456,test
4457,train
4458,train
4459,test
4460,train
4461,test
4462,train
4463,test
4464,train
4465,train
4466,train
4467,train
4468,train
4469,train
4470,train
4471,validation
4472,train
4473,train
4474,train
4475,test
4476,train
4477,train
4478,train
4479,test
4480,test
4481,train
4482,train
4483,train
4484,train
4485,test
4486,train
4487,train
4488,test
4489,train
4490,test
4491,train
4492,test
4493,train
4494,train
4495,train
4496,train
4497,test
4498,train
4499,train
4500,train
4501,validation
4502,train
4503,train
4504,validation
4505,train
4506,train
4507,train
4508,train
4509,test
4510,train
4511,validation
4512,train
4513,train
4514,test
4515,train
4516,train
4517,train
4518,validation
4519,train
4520,train
4521,train
4522,train
4523,train
4524,test
4525,train
4526,train
4527,test
4528,train
4529,train
4530,train
4531,test
4532,test
4533,test
4534,test
4535,validation
4536,test
4537,train
4538,validation
4539,validation
4540,train
4541,train
4542,train
4543,test
4544,test
4545,train
4546,train
4547,test
4548,train
4549,train
4550,train
4551,validation
4552,train
4553,test
4554,test
4555,train
4556,validation
4557,test
4558,validation
4559,test
4560,test
4561,train
4562,train
4563,train
4564,train
4565,train
4566,train
4567,train
4568,train
4569,train
4570,train
4571,train
4572,validation
4573,train
4574,train
4575,test
4576,test
4577,train
4578,train
4579,train
4580,train
4581,train
4582,train
4583,test
4584,train
4585,validation
4586,validation
4587,train
4588,validation
4589,train
4590,train
4591,test
4592,validation
4593,validation
4594,train
4595,validation
4596,train
4597,train
4598,train
4599,train
4600,validation
4601,train
4602,train
4603,train
4604,train
4605,train
4606,validation
4607,train
4608,train
4609,train
4610,validation
4611,train
4612,train
4613,train
4614,train
4615,test
4616,test
4617,train
4618,validation
4619,train
4620,test
4621,train
4622,test
4623,train
4624,train
4625,train
4626,train
4627,test
4628,train
4629,train
4630,train
4631,train
4632,train
4633,train
4634,test
4635,train
4636,validation
4637,train
4638,train
4639,train
4640,train
4641,train
4642,test
4643,train
4644,train
4645,train
4646,train
4647,train
4648,train
4649,train
4650,validation
4651,train
4652,train
4653,test
4654,test
4655,train
4656,train
4657,train
4658,test
4659,validation
4660,train
4661,test
4662,train
4663,train
4664,test
4665,test
4666,train
4667,train
4668,train
4669,train
4670,train
4671,validation
4672,train
4673,train
4674,train
4675,train
4676,train
4677,test
4678,train
4679,train
4680,train
4681,train
4682,train
4683,train
4684,train
4685,train
4686,train
4687,test
4688,train
4689,train
4690,test
4691,train
4692,train
4693,test
4694,validation
4695,train
4696,train
4697,test
4698,train
4699,validation
4700,train
4701,train
4702,train
4703,train
4704,validation
4705,train
4706,validation
4707,train
4708,train
4709,validation
4710,test
4711,train
4712,train
4713,train
4714,train
4715,train
4716,train
4717,validation
4718,train
4719,test
4720,test
4721,train
4722,validation
4723,train
4724,train
4725,test
4726,validation
4727,train
4728,train
4729,train
4730,train
4731,train
4732,train
4733,train
4734,test
4735,validation
4736,train
4737,train
4738,validation
4739,train
4740,train
4741,train
4742,train
4743,test
4744,train
4745,train
4746,test
4747,train
4748,test
4749,train
4750,train
4751,train
4752,test
4753,validation
4754,test
4755,train
4756,test
4757,test
4758,train
4759,test
4760,train
4761,train
4762,train
4763,validation
4764,train
4765,validation
4766,train
4767,train
4768,train
4769,train
4770,validation
4771,train
4772,train
4773,validation
4774,train
4775,train
4776,train
4777,validation
4778,train
4779,train
4780,train
4781,train
4782,train
4783,test
4784,train
4785,train
4786,train
4787,test
4788,train
4789,train
4790,validation
4791,train
4792,train
4793,train
4794,train
4795,train
4796,train
4797,train
4798,validation
4799,train
4800,train
4801,train
4802,train
4803,test
4804,train
4805,train
4806,train
4807,test
4808,validation
4809,train
4810,train
4811,train
4812,test
4813,train
4814,train
4815,train
4816,train
4817,validation
4818,train
4819,train
4820,train
4821,train
4822,validation
4823,train
4824,validation
4825,test
4826,train
4827,validation
4828,train
4829,train
4830,validation
4831,test
4832,train
4833,test
4834,test
4835,train
4836,validation
4837,validation
4838,test
4839,train
4840,validation
4841,train
4842,train
4843,train
4844,validation
4845,train
4846,train
4847,train
4848,train
4849,test
4850,train
4851,validation
4852,train
4853,train
4854,train
4855,validation
4856,train
4857,train
4858,train
4859,train
4860,train
4861,validation
4862,test
4863,train
4864,train
4865,validation
4866,train
4867,test
4868,train
4869,train
4870,train
4871,train
4872,test
4873,train
4874,train
4875,validation
4876,train
4877,train
4878,train
4879,test
4880,test
4881,test
4882,test
4883,validation
4884,train
4885,train
4886,train
4887,train
4888,train
4889,train
4890,train
4891,train
4892,test
4893,test
4894,train
4895,train
4896,train
4897,train
4898,test
4899,train
4900,train
4901,train
4902,train
4903,test
4904,train
4905,test
4906,test
4907,test
4908,train
4909,train
4910,train
4911,train
4912,train
4913,validation
4914,train
4915,train
4916,train
4917,validation
4918,validation
4919,train
4920,validation
4921,test
4922,train
4923,train
4924,train
4925,train
4926,validation
4927,validation
4928,train
4929,train
4930,train
4931,train
4932,test
4933,train
4934,train
4935,train
4936,train
4937,train
4938,train
4939,validation
4940,train
4941,train
4942,train
4943,train
4944,train
4945,train
4946,test
4947,train
4948,test
4949,train
4950,test
4951,validation
4952,train
4953,train
4954,train
4955,validation
4956,train
4957,train
4958,train
4959,train
4960,train
4961,validation
4962,train
4963,train
4964,train
4965,test
4966,train
4967,train
4968,test
4969,train
4970,test
4971,train
4972,train
4973,train
4974,test
4975,train
4976,test
4977,train
4978,train
4979,train
4980,test
4981,train
4982,validation
4983,train
4984,train
4985,train
4986,train
4987,train
4988,train
4989,validation
4990,train
4991,train
4992,test
4993,train
4994,train
4995,train
4996,train
4997,train
4998,validation
4999,train
5000,train
5001,train
5002,validation
5003,test
5004,train
5005,train
5006,train
5007,train
5008,train
5009,train
5010,train
5011,validation
5012,validation
5013,train
5014,test
5015,train
5016,train
5017,validation
5018,train
5019,train
5020,train
5021,train
5022,validation
5023,validation
5024,train
5025,train
5026,train
5027,train
5028,validation
5029,train
5030,train
5031,train
5032,train
5033,train
5034,train
5035,train
5036,train
5037,test
5038,train
5039,train
5040,validation
5041,validation
5042,test
5043,train
5044,train
5045,train
5046,test
5047,train
5048,train
5049,train
5050,test
5051,train
5052,validation
5053,train
5054,train
5055,train
5056,test
5057,train
5058,train
5059,train
5060,validation
5061,test
5062,train
5063,test
5064,train
5065,train
5066,validation
5067,train
5068,train
5069,train
5070,train
5071,train
5072,train
5073,train
5074,test
5075,train
5076,train
5077,test
5078,train
5079,train
5080,train
5081,test
5082,test
5083,validation
5084,train
5085,train
5086,train
5087,train
5088,train
5089,validation
5090,train
5091,test
5092,train
5093,train
5094,train
5095,train
5096,train
5097,train
5098,train
5099,train
5100,train
5101,train
5102,validation
5103,train
5104,train
5105,train
5106,train
5107,train
5108,test
5109,validation
5110,train
5111,train
5112,train
5113,train
5114,test
5115,train
5116,train
5117,train
5118,train
5119,train
5120,test
5121,train
5122,train
5123,test
5124,test
5125,train
5126,train
5127,validation
5128,train
5129,train
5130,train
5131,train
5132,test
5133,train
5134,train
5135,test
5136,train
5137,train
5138,train
5139,test
5140,train
5141,test
5142,test
5143,train
5144,test
5145,train
5146,train
5147,validation
5148,validation
5149,train
5150,validation
5151,train
5152,train
5153,train
5154,train
5155,train
5156,train
5157,train
5158,train
5159,train
5160,train
5161,train
5162,test
5163,train
5164,train
5165,train
5166,train
5167,validation
5168,train
5169,validation
5170,train
5171,validation
5172,train
5173,test
5174,train
5175,train
5176,validation
5177,train
5178,test
5179,train
5180,train
5181,test
5182,validation
5183,train
5184,train
5185,train
5186,train
5187,test
5188,train
5189,train
5190,train
5191,train
5192,validation
5193,train
5194,validation
5195,train
5196,train
5197,validation
5198,train
5199,test
5200,validation
5201,train
5202,validation
5203,test
5204,test
5205,test
5206,train
5207,train
5208,validation
5209,train
5210,train
5211,validation
5212,train
5213,train
5214,validation
5215,validation
5216,train
5217,test
5218,train
5219,train
5220,test
5221,train
5222,validation
5223,train
5224,validation
5225,train
5226,train
5227,train
5228,train
5229,train
5230,train
5231,test
5232,train
5233,train
5234,validation
5235,train
5236,train
5237,validation
5238,train
5239,train
5240,train
5241,train
5242,train
5243,test
5244,train
5245,validation
5246,train
5247,train
5248,train
5249,train
5250,test
5251,validation
5252,train
5253,test
5254,train
5255,validation
5256,test
5257,train
5258,test
5259,train
5260,train
5261,train
5262,train
5263,train
5264,train
5265,train
5266,train
5267,train
5268,train
5269,test
5270,validation
5271,test
5272,test
5273,test
5274,validation
5275,train
5276,train
5277,train
5278,train
5279,validation
5280,train
5281,train
5282,train
5283,test
5284,train
5285,train
5286,train
5287,test
5288,test
5289,train
5290,train
5291,train
5292,test
5293,train
5294,train
5295,train
5296,train
5297,validation
5298,train
5299,train
5300,train
5301,train
5302,train
5303,test
5304,train
5305,train
5306,train
5307,train
5308,test
5309,train
5310,train
5311,validation
5312,validation
5313,validation
5314,test
5315,train
5316,train
5317,train
5318,train
5319,train
5320,test
5321,train
5322,train
5323,train
5324,train
5325,validation
5326,train
5327,validation
5328,train
5329,train
5330,test
5331,test
5332,train
5333,train
5334,validation
5335,test
5336,test
5337,train
5338,train
5339,test
5340,train
5341,train
5342,train
5343,validation
5344,train
5345,train
5346,train
5347,train
5348,test
5349,train
5350,test
5351,validation
5352,train
5353,train
5354,train
5355,validation
5356,validation
5357,train
5358,train
5359,validation
5360,test
5361,train
5362,validation
5363,validation
5364,train
5365,train
5366,validation
5367,train
5368,train
5369,train
5370,train
5371,train
5372,train
5373,train
5374,train
5375,validation
5376,test
5377,train
5378,train
5379,train
5380,validation
5381,train
5382,validation
5383,validation
5384,train
5385,validation
5386,train
5387,train
5388,train
5389,train
5390,train
5391,train
5392,train
5393,train
5394,validation
5395,train
5396,train
5397,test
5398,test
5399,train
5400,train
5401,train
5402,validation
5403,train
5404,train
5405,train
5406,test
5407,train
5408,train
5409,train
5410,validation
5411,train
5412,train
5413,train
5414,train
5415,train
5416,test
5417,train
5418,train
5419,test
5420,train
5421,train
5422,train
5423,validation
5424,validation
5425,train
5426,train
5427,train
5428,train
5429,validation
5430,validation
5431,train
5432,train
5433,train
5434,train
5435,train
5436,train
5437,train
5438,train
5439,validation
5440,train
5441,validation
5442,train
5443,train
5444,train
5445,train
5446,train
5447,train
5448,test
5449,train
5450,train
5451,train
5452,train
5453,train
5454,train
5455,train
5456,train
5457,validation
5458,train
5459,train
5460,train
5461,test
5462,train
5463,train
5464,train
5465,train
5466,train
5467,train
5468,train
5469,train
5470,train
5471,test
5472,validation
5473,validation
5474,validation
5475,test
5476,validation
5477,train
5478,train
5479,train
5480,train
5481,train
5482,train
5483,train
5484,train
5485,validation
5486,train
5487,train
5488,train
5489,test
5490,test
5491,train
5492,train
5493,validation
5494,train
5495,test
5496,train
5497,train
5498,validation
5499,test
5500,train
5501,validation
5502,test
5503,train
5504,validation
5505,train
5506,train
5507,train
5508,train
5509,train
5510,train
5511,test
5512,validation
5513,validation
5514,test
5515,train
5516,test
5517,test
5518,test
5519,train
5520,test
5521,test
5522,test
5523,test
5524,train
5525,train
5526,train
5527,train
5528,train
5529,train
5530,train
5531,train
5532,validation
5533,test
5534,train
5535,train
5536,train
5537,train
5538,test
5539,test
5540,train
5541,train
5542,train
5543,train
5544,train
5545,train
5546,train
5547,test
5548,train
5549,test
5550,train
5551,validation
5552,train
5553,test
5554,train
5555,test
5556,validation
5557,validation
5558,train
5559,validation
5560,test
5561,train
5562,validation
5563,validation
5564,train
5565,test
5566,train
5567,test
5568,validation
5569,validation
5570,train
5571,train
5572,test
5573,train
5574,train
5575,train
5576,train
5577,train
5578,train
5579,validation
5580,train
5581,train
5582,train
5583,test
5584,validation
5585,train
5586,train
5587,train
5588,validation
5589,test
5590,train
5591,validation
5592,validation
5593,train
5594,validation
5595,train
5596,train
5597,train
5598,validation
5599,validation
5600,train
5601,train
5602,validation
5603,train
5604,train
5605,train
5606,train
5607,train
5608,train
5609,train
5610,train
5611,train
5612,train
5613,validation
5614,train
5615,train
5616,validation
5617,train
5618,train
5619,test
5620,validation
5621,train
5622,train
5623,train
5624,test
5625,train
5626,test
5627,train
5628,test
5629,validation
5630,train
5631,test
5632,train
5633,train
5634,train
5635,train
5636,test
5637,validation
5638,test
5639,train
5640,validation
5641,test
5642,train
5643,train
5644,train
5645,train
5646,validation
5647,train
5648,validation
5649,train
5650,train
5651,train
5652,train
5653,train
5654,train
5655,validation
5656,validation
5657,test
5658,validation
5659,train
5660,train
5661,train
5662,train
5663,train
5664,validation
5665,validation
5666,train
5667,train
5668,train
5669,validation
5670,train
5671,train
5672,test
5673,validation
5674,train
5675,train
5676,test
5677,train
5678,train
5679,test
5680,train
5681,train
5682,train
5683,train
5684,train
5685,train
5686,train
5687,train
5688,train
5689,train
5690,train
5691,test
5692,train
5693,train
5694,train
5695,validation
5696,train
5697,train
5698,train
5699,validation
5700,train
5701,test
5702,test
5703,validation
5704,test
5705,train
5706,validation
5707,train
5708,validation
5709,test
5710,train
5711,train
5712,train
5713,validation
5714,test
5715,test
5716,train
5717,validation
5718,train
5719,train
5720,train
5721,train
5722,validation
5723,train
5724,train
5725,train
5726,train
5727,validation
5728,train
5729,train
5730,train
5731,train
5732,train
5733,train
5734,test
5735,train
5736,train
5737,test
5738,train
5739,train
5740,train
5741,train
5742,validation
5743,train
5744,train
5745,validation
5746,validation
5747,train
5748,train
5749,train
5750,train
5751,validation
5752,validation
5753,train
5754,test
5755,train
5756,validation
5757,train
5758,train
5759,train
5760,train
5761,train
5762,train
5763,train
5764,train
5765,train
5766,train
5767,train
5768,train
5769,validation
5770,train
5771,train
5772,train
5773,train
5774,train
5775,train
5776,train
5777,train
5778,test
5779,validation
5780,train
5781,test
5782,train
5783,validation
5784,train
5785,test
5786,validation
5787,train
5788,train
5789,test
5790,train
5791,test
5792,train
5793,train
5794,train
5795,train
5796,validation
5797,train
5798,train
5799,train
5800,test
5801,test
5802,validation
5803,train
5804,train
5805,train
5806,train
5807,train
5808,test
5809,train
5810,train
5811,train
5812,train
5813,test
5814,train
5815,train
5816,train
5817,train
5818,train
5819,validation
5820,train
5821,train
5822,validation
5823,train
5824,train
5825,train
5826,train
5827,train
5828,train
5829,train
5830,validation
5831,validation
5832,train
5833,test
5834,test
5835,train
5836,train
5837,train
5838,train
5839,validation
5840,train
5841,train
5842,train
5843,validation
5844,train
5845,train
5846,train
5847,train
5848,train
5849,train
5850,validation
5851,validation
5852,train
5853,test
5854,test
5855,train
5856,train
5857,train
5858,validation
5859,test
5860,train
5861,train
5862,train
5863,train
5864,train
5865,train
5866,train
5867,validation
5868,train
5869,test
5870,train
5871,test
5872,test
5873,train
5874,validation
5875,train
5876,train
5877,test
5878,train
5879,train
5880,train
5881,test
5882,validation
5883,validation
5884,train
5885,train
5886,train
5887,train
5888,test
5889,train
5890,train
5891,train
5892,test
5893,validation
5894,train
5895,test
5896,test
5897,train
5898,test
5899,train
5900,validation
5901,test
5902,test
5903,train
5904,train
5905,test
5906,train
5907,train
5908,validation
5909,validation
5910,train
5911,train
5912,test
5913,train
5914,train
5915,train
5916,train
5917,train
5918,train
5919,train
5920,train
5921,validation
5922,train
5923,validation
5924,train
5925,train
5926,train
5927,train
5928,test
5929,train
5930,validation
5931,train
5932,train
5933,train
5934,train
5935,train
5936,train
5937,train
5938,train
5939,test
5940,train
5941,train
5942,train
5943,train
5944,train
5945,validation
5946,train
5947,train
5948,test
5949,train
5950,validation
5951,train
5952,train
5953,train
5954,train
5955,train
5956,validation
5957,train
5958,train
5959,test
5960,train
5961,validation
5962,train
5963,validation
5964,validation
5965,train
5966,validation
5967,train
5968,train
5969,test
5970,test
5971,train
5972,train
5973,train
5974,test
5975,train
5976,train
5977,test
5978,test
5979,train
5980,train
5981,test
5982,validation
5983,train
5984,train
5985,test
5986,train
5987,train
5988,train
5989,train
5990,train
5991,validation
5992,train
5993,train
5994,train
5995,validation
5996,train
5997,train
5998,validation
5999,train
6000,validation
6001,train
6002,train
6003,train
6004,train
6005,train
6006,train
6007,train
6008,train
6009,train
6010,train
6011,train
6012,train
6013,train
6014,train
6015,train
6016,train
6017,train
6018,train
6019,train
6020,train
6021,train
6022,test
6023,test
6024,train
6025,train
6026,validation
6027,test
6028,train
6029,train
6030,test
6031,train
6032,train
6033,train
6034,train
6035,train
6036,train
6037,validation
6038,test
6039,test
6040,test
6041,train
6042,train
6043,train
6044,train
6045,train
6046,train
6047,train
6048,test
6049,train
6050,train
6051,train
6052,train
6053,train
6054,train
6055,test
6056,train
6057,train
6058,train
6059,test
6060,validation
6061,train
6062,train
6063,test
6064,train
6065,train
6066,train
6067,train
6068,train
6069,train
6070,train
6071,train
6072,train
6073,train
6074,validation
6075,test
6076,train
6077,train
6078,train
6079,train
6080,train
6081,train
6082,train
6083,train
6084,validation
6085,train
6086,train
6087,test
6088,test
6089,test
6090,test
6091,train
6092,train
6093,train
6094,train
6095,train
6096,train
6097,test
6098,test
6099,train
6100,train
6101,train
6102,train
6103,test
6104,validation
6105,validation
6106,train
6107,train
6108,test
6109,train
6110,validation
6111,test
6112,train
6113,train
6114,test
6115,train
6116,validation
6117,validation
6118,train
6119,train
6120,test
6121,train
6122,validation
6123,train
6124,train
6125,train
6126,train
6127,train
6128,train
6129,train
6130,validation
6131,train
6132,train
6133,validation
6134,test
6135,train
6136,train
6137,test
6138,validation
6139,train
6140,train
6141,validation
6142,train
6143,train
6144,test
6145,train
6146,train
6147,validation
6148,train
6149,train
6150,train
6151,train
6152,test
6153,train
6154,train
6155,train
6156,test
6157,train
6158,test
6159,train
6160,train
6161,validation
6162,train
6163,train
6164,train
6165,train
6166,test
6167,train
6168,test
6169,train
6170,train
6171,train
6172,test
6173,validation
6174,validation
6175,train
6176,validation
6177,test
6178,test
6179,validation
6180,train
6181,train
6182,train
6183,train
6184,validation
6185,validation
6186,train
6187,test
6188,validation
6189,train
6190,validation
6191,train
6192,train
6193,train
6194,test
6195,train
6196,train
6197,train
6198,train
6199,train
6200,train
6201,train
6202,validation
6203,validation
6204,train
6205,train
6206,train
6207,train
6208,test
6209,train
6210,train
6211,train
6212,train
6213,train
6214,train
6215,train
6216,train
6217,train
6218,train
6219,train
6220,validation
6221,train
6222,test
6223,train
6224,test
6225,test
6226,train
6227,train
6228,train
6229,train
6230,train
6231,test
6232,test
6233,train
6234,validation
6235,train
6236,train
6237,train
6238,train
6239,test
6240,train
6241,train
6242,train
6243,validation
6244,train
6245,test
6246,train
6247,train
6248,train
6249,train
6250,train
6251,train
6252,train
6253,train
6254,validation
6255,validation
6256,train
6257,train
6258,validation
6259,test
6260,train
6261,validation
6262,train
6263,train
6264,train
6265,validation
6266,train
6267,train
6268,train
6269,test
6270,test
6271,train
6272,validation
6273,train
6274,train
6275,train
6276,train
6277,test
6278,test
6279,test
6280,validation
6281,train
6282,validation
6283,test
6284,train
6285,train
6286,train
6287,train
6288,train
6289,train
6290,train
6291,test
6292,train
6293,train
6294,validation
6295,train
6296,train
6297,test
6298,train
6299,test
6300,train
6301,test
6302,train
6303,test
6304,train
6305,validation
6306,train
6307,train
6308,train
6309,train
6310,train
6311,train
6312,test
6313,train
6314,train
6315,train
6316,train
6317,train
6318,validation
6319,validation
6320,validation
6321,validation
6322,validation
6323,test
6324,test
6325,train
6326,train
6327,train
6328,train
6329,train
6330,validation
6331,train
6332,train
6333,train
6334,train
6335,validation
6336,train
6337,validation
6338,test
6339,validation
6340,test
6341,train
6342,train
6343,test
6344,train
6345,train
6346,validation
6347,train
6348,train
6349,train
6350,train
6351,validation
6352,train
6353,train
6354,validation
6355,validation
6356,train
6357,train
6358,train
6359,train
6360,train
6361,train
6362,train
6363,train
6364,train
6365,test
6366,test
6367,train
6368,train
6369,train
6370,train
6371,test
6372,train
6373,train
6374,train
6375,train
6376,train
6377,train
6378,train
6379,train
6380,train
6381,train
6382,train
6383,test
6384,train
6385,train
6386,train
6387,validation
6388,train
6389,train
6390,train
6391,train
6392,train
6393,train
6394,train
6395,train
6396,train
6397,test
6398,test
6399,train
6400,train
6401,test
6402,train
6403,train
6404,train
6405,train
6406,train
6407,validation
6408,train
6409,train
6410,train
6411,validation
6412,train
6413,train
6414,train
6415,validation
6416,train
6417,train
6418,train
6419,train
6420,train
6421,validation
6422,train
6423,train
6424,test
6425,train
6426,test
6427,train
6428,train
6429,train
6430,train
6431,train
6432,validation
6433,test
6434,train
6435,validation
6436,train
6437,validation
6438,validation
6439,train
6440,validation
6441,train
6442,test
6443,train
6444,test
6445,train
6446,train
6447,train
6448,train
6449,train
6450,train
6451,train
6452,train
6453,test
6454,validation
6455,train
6456,validation
6457,train
6458,train
6459,train
6460,train
6461,test
6462,validation
6463,test
6464,test
6465,train
6466,validation
6467,train
6468,train
6469,train
6470,train
6471,train
6472,train
6473,train
6474,test
6475,test
6476,train
6477,test
6478,train
6479,validation
6480,train
6481,train
6482,test
6483,test
6484,train
6485,train
6486,train
6487,validation
6488,train
6489,train
6490,train
6491,train
6492,train
6493,train
6494,train
6495,test
6496,train
6497,train
6498,validation
6499,train
6500,train
6501,train
6502,train
6503,train
6504,train
6505,train
6506,validation
6507,test
6508,train
6509,validation
6510,train
6511,train
6512,train
6513,train
6514,train
6515,test
6516,train
6517,train
6518,validation
6519,train
6520,train
6521,train
6522,validation
6523,train
6524,train
6525,train
6526,train
6527,validation
6528,train
6529,validation
6530,train
6531,train
6532,train
6533,test
6534,train
6535,train
6536,test
6537,train
6538,train
6539,train
6540,validation
6541,train
6542,train
6543,train
6544,train
6545,train
6546,validation
6547,train
6548,train
6549,train
6550,train
6551,train
6552,train
6553,validation
6554,train
6555,validation
6556,train
6557,train
6558,test
6559,validation
6560,train
6561,validation
6562,train
6563,train
6564,train
6565,train
6566,train
6567,validation
6568,train
6569,train
6570,validation
6571,train
6572,validation
6573,train
6574,train
6575,test
6576,test
6577,train
6578,train
6579,train
6580,train
6581,train
6582,train
6583,train
6584,train
6585,train
6586,train
6587,train
6588,validation
6589,validation
6590,validation
6591,test
6592,train
6593,train
6594,validation
6595,train
6596,test
6597,train
6598,train
6599,train
6600,train
6601,validation
6602,train
6603,test
6604,train
6605,train
6606,train
6607,test
6608,train
6609,test
6610,train
6611,validation
6612,train
6613,validation
6614,train
6615,train
6616,train
6617,test
6618,validation
6619,train
6620,train
6621,train
6622,train
6623,train
6624,train
6625,validation
6626,train
6627,validation
6628,train
6629,train
6630,train
6631,validation
6632,validation
6633,test
6634,train
6635,train
6636,train
6637,validation
6638,train
6639,train
6640,train
6641,train
6642,test
6643,train
6644,validation
6645,train
6646,train
6647,train
6648,train
6649,train
6650,train
6651,train
6652,train
6653,train
6654,validation
6655,train
6656,train
6657,validation
6658,train
6659,train
6660,train
6661,train
6662,train
6663,train
6664,validation
6665,train
6666,validation
6667,validation
6668,train
6669,train
6670,train
6671,test
6672,train
6673,train
6674,train
6675,train
6676,train
6677,train
6678,test
6679,test
6680,test
6681,train
6682,train
6683,train
6684,test
6685,test
6686,train
6687,validation
6688,train
6689,test
6690,train
6691,train
6692,test
6693,test
6694,train
6695,validation
6696,train
6697,test
6698,test
6699,train
6700,train
6701,validation
6702,train
6703,validation
6704,train
6705,train
6706,train
6707,test
6708,train
6709,train
6710,test
6711,train
6712,test
6713,train
6714,train
6715,test
6716,test
6717,train
6718,validation
6719,train
6720,train
6721,train
6722,validation
6723,train
6724,train
6725,validation
6726,train
6727,test
6728,train
6729,train
6730,train
6731,train
6732,test
6733,train
6734,train
6735,train
6736,train
6737,train
6738,test
6739,test
6740,train
6741,validation
6742,test
6743,validation
6744,test
6745,train
6746,train
6747,train
6748,validation
6749,validation
6750,validation
6751,test
6752,train
6753,train
6754,train
6755,train
6756,train
6757,train
6758,train
6759,train
6760,test
6761,train
6762,train
6763,train
6764,train
6765,train
6766,train
6767,train
6768,test
6769,test
6770,train
6771,train
6772,train
6773,train
6774,test
6775,train
6776,train
6777,test
6778,train
6779,train
6780,train
6781,train
6782,test
6783,validation
6784,train
6785,test
6786,train
6787,train
6788,train
6789,train
6790,test
6791,test
6792,validation
6793,test
6794,test
6795,validation
6796,train
6797,train
6798,train
6799,validation
6800,test
6801,train
6802,validation
6803,test
6804,test
6805,train
6806,validation
6807,train
6808,train
6809,test
6810,train
6811,train
6812,train
6813,train
6814,validation
6815,validation
6816,train
6817,test
6818,train
6819,train
6820,train
6821,test
6822,test
6823,train
6824,train
6825,test
6826,validation
6827,train
6828,validation
6829,train
6830,train
6831,validation
6832,train
6833,train
6834,test
6835,train
6836,test
6837,validation
6838,train
6839,test
6840,train
6841,train
6842,test
6843,train
6844,train
6845,test
6846,train
6847,train
6848,train
6849,train
6850,test
6851,train
6852,train
6853,train
6854,validation
6855,test
6856,train
6857,train
6858,validation
6859,train
6860,train
6861,train
6862,validation
6863,validation
6864,train
6865,test
6866,train
6867,test
6868,test
6869,train
6870,train
6871,train
6872,train
6873,train
6874,validation
6875,train
6876,train
6877,train
6878,test
6879,train
6880,train
6881,train
6882,train
6883,validation
6884,validation
6885,train
6886,validation
6887,train
6888,train
6889,train
6890,train
6891,test
6892,train
6893,train
6894,train
6895,test
6896,train
6897,train
6898,train
6899,train
6900,train
6901,test
6902,validation
6903,train
6904,validation
6905,train
6906,train
6907,validation
6908,test
6909,train
6910,test
6911,train
6912,validation
6913,test
6914,train
6915,train
6916,validation
6917,train
6918,train
6919,train
6920,validation
6921,test
6922,test
6923,train
6924,validation
6925,train
6926,train
6927,validation
6928,train
6929,test
6930,test
6931,train
6932,validation
6933,train
6934,validation
6935,validation
6936,train
6937,train
6938,train
6939,validation
6940,train
6941,train
6942,train
6943,train
6944,train
6945,train
6946,train
6947,train
6948,train
6949,validation
6950,validation
6951,train
6952,validation
6953,train
6954,validation
6955,train
6956,train
6957,train
6958,train
6959,train
6960,validation
6961,train
6962,train
6963,train
6964,train
6965,train
6966,train
6967,train
6968,test
6969,validation
6970,test
6971,test
6972,train
6973,validation
6974,train
6975,validation
6976,train
6977,validation
6978,train
6979,validation
6980,train
6981,train
6982,train
6983,validation
6984,validation
6985,train
6986,validation
6987,train
6988,train
6989,validation
6990,train
6991,train
6992,validation
6993,validation
6994,test
6995,train
6996,train
6997,test
6998,train
6999,test
7000,train
7001,train
7002,train
7003,test
7004,train
7005,train
7006,train
7007,validation
7008,train
7009,train
7010,train
7011,train
7012,train
7013,test
7014,validation
7015,train
7016,test
7017,test
7018,train
7019,validation
7020,validation
7021,train
7022,train
7023,validation
7024,train
7025,train
7026,test
7027,test
7028,train
7029,train
7030,test
7031,train
7032,test
7033,train
7034,train
7035,train
7036,train
7037,train
7038,train
7039,train
7040,train
7041,train
7042,train
7043,test
7044,train
7045,validation
7046,train
7047,train
7048,train
7049,train
7050,train
7051,validation
7052,train
7053,test
7054,train
7055,train
7056,train
7057,test
7058,train
7059,train
7060,test
7061,train
7062,train
7063,train
7064,train
7065,train
7066,validation
7067,test
7068,train
7069,train
7070,train
7071,validation
7072,train
7073,train
7074,test
7075,validation
7076,validation
7077,train
7078,train
7079,train
7080,train
7081,train
7082,validation
7083,validation
7084,train
7085,train
7086,train
7087,train
7088,train
7089,train
7090,train
7091,test
7092,train
7093,train
7094,train
7095,validation
7096,train
7097,train
7098,train
7099,validation
7100,test
7101,train
7102,train
7103,validation
7104,train
7105,validation
7106,train
7107,train
7108,train
7109,train
7110,train
7111,validation
7112,train
7113,validation
7114,train
7115,train
7116,validation
7117,train
7118,train
7119,train
7120,test
7121,train
7122,train
7123,validation
7124,train
7125,train
7126,train
7127,train
7128,train
7129,train
7130,train
7131,train
7132,train
7133,train
7134,train
7135,train
7136,train
7137,train
7138,validation
7139,train
7140,train
7141,train
7142,train
7143,validation
7144,test
7145,test
7146,train
7147,train
7148,train
7149,test
7150,train
7151,validation
7152,train
7153,validation
7154,train
7155,train
7156,validation
7157,test
7158,train
7159,train
7160,train
7161,test
7162,train
7163,train
7164,validation
7165,train
7166,test
7167,train
7168,validation
7169,train
7170,train
7171,train
7172,test
7173,train
7174,test
7175,train
7176,test
7177,train
7178,train
7179,train
7180,train
7181,train
7182,train
7183,train
7184,train
7185,train
7186,train
7187,train
7188,train
7189,test
7190,train
7191,test
7192,train
7193,train
7194,train
7195,test
7196,validation
7197,train
7198,train
7199,train
7200,train
7201,train
7202,train
7203,validation
7204,train
7205,train
7206,test
7207,train
7208,train
7209,validation
7210,validation
7211,train
7212,train
7213,train
7214,test
7215,train
7216,train
7217,train
7218,train
7219,train
7220,train
7221,train
7222,train
7223,train
7224,validation
7225,validation
7226,train
7227,train
7228,train
7229,train
7230,validation
7231,train
7232,test
7233,train
7234,train
7235,train
7236,train
7237,test
7238,test
7239,train
7240,validation
7241,test
7242,test
7243,train
7244,train
7245,train
7246,train
7247,test
7248,test
7249,test
7250,train
7251,train
7252,train
7253,validation
7254,train
7255,train
7256,train
7257,train
7258,validation
7259,test
7260,test
7261,train
7262,test
7263,validation
7264,train
7265,train
7266,train
7267,train
7268,validation
7269,validation
7270,test
7271,train
7272,train
7273,train
7274,train
7275,train
7276,train
7277,train
7278,train
7279,train
7280,train
7281,validation
7282,train
7283,validation
7284,train
7285,train
7286,train
7287,validation
7288,validation
7289,test
7290,test
7291,train
7292,validation
7293,validation
7294,train
7295,test
7296,train
7297,train
7298,train
7299,train
7300,train
7301,train
7302,test
7303,test
7304,test
7305,train
7306,train
7307,train
7308,test
7309,train
7310,train
7311,train
7312,train
7313,train
7314,train
7315,train
7316,train
7317,test
7318,train
7319,train
7320,train
7321,train
7322,train
7323,train
7324,test
7325,train
7326,train
7327,train
7328,train
7329,train
7330,train
7331,train
7332,train
7333,train
7334,train
7335,train
7336,train
7337,train
7338,train
7339,train
